active,smiles
1,O=C(C=C1c2ccccc2-c2ccccc21)NCCCCCC(=O)NO
1,O=C(C=CC#Cc1ccc(NS(=O)(=O)c2ccccc2)cc1)NO
1,O=C(C=CC=CCCC=Cc1ccc2c(c1)OCO2)NO
1,O=C(C=Cc1ccc(C(=O)NN=Cc2ccc(O)c(O)c2O)cc1)NO
1,O=C(C=Cc1ccc(C(c2c[nH]c3ccccc23)c2c[nH]c3ccccc23)cc1)NO
1,O=C(C=Cc1ccc(C=C(CNC2CC2)c2ccc(F)cc2)cc1)NO
1,O=C(C=Cc1ccc(C=NOCc2ccc([N+](=O)[O-])cc2)cc1)NO
1,O=C(C=Cc1ccc(CN(CCO)CCc2c[nH]c3ccccc23)cc1)NO
1,O=C(C=Cc1ccc(CNc2nccc(-c3cccnc3)n2)cc1)NO
1,O=C(C=Cc1ccc(Cl)cc1F)NCCCCCC(=O)NO
1,O=C(C=Cc1ccc(NC(=O)C(Cc2ccccc2)c2ccccc2)cn1)NO
1,O=C(C=Cc1ccc(OCC(Cc2c[nH]c3ccccc23)NC(=O)Cc2ccccc2)cc1)NO
1,O=C(C=Cc1ccc(OCC(Cc2c[nH]c3ccccc23)NC(=O)c2ccc(Cl)cc2)cc1)NO
1,O=C(C=Cc1ccc(OCC(Cc2c[nH]c3ccccc23)NC(=O)c2ccc(F)cc2)cc1)NO
1,O=C(C=Cc1ccc(OCC(Cc2c[nH]c3ccccc23)NC(=O)c2ccccc2)cc1)NO
1,O=C(C=Cc1ccc(OCC(Cc2c[nH]c3ccccc23)NCc2ccc(Cl)cc2)cc1)NO
1,O=C(C=Cc1ccc2c(c1)C(=O)CC1(CCCN(Cc3ccccc3)CC1)O2)NO
1,O=C(C=Cc1ccc2c(c1)C(=O)CC1(CCN(CCc3ccccc3)CC1)O2)NO
1,O=C(C=Cc1ccc2c(c1)C(=O)CC1(CCN(Cc3ccc(F)cc3)CC1)O2)NO
1,Nc1ncnc2c1c(-c1ccc(Cl)cc1)nn2-c1cccc(-c2cnnn2CCCCCC(=O)NO)c1
1,Nc1ccccc1NC(=O)c1ccc(N2CCC3(CC2)C(=O)NCN3c2ccccc2)nc1
1,Nc1ccccc1NC(=O)c1ccc(COc2ccc3ncnc(Nc4cccc(Br)c4)c3c2)cc1
1,Nc1ccccc1NC(=O)c1ccc(CNCOC(=O)c2cccnc2)cc1
1,Cc1ccccc1-c1ccc(C=NNC(=O)CCCCCC(=O)NO)cc1
1,Cc1cnc(-c2nc(C(=O)NCCCCC(=O)C(F)(F)F)c(C3CC3)s2)s1
1,Cc1nc(-c2nc(C(=O)NC(C(=O)OCC=CCCS)C(C)C)cs2)cs1
1,Cc1nc(-c2nc(C(=O)NCCCCC(=O)NO)cs2)cs1
1,Cc1sc(-c2nccs2)nc1C(=O)NCCCCC(=O)NO
1,Cn1c(=O)ccc2cc(C(=O)NCCCCCCC(=O)NO)ccc21
1,Cn1c(C=CC(=O)NO)ccc1C(=O)Cc1ccccc1
1,Cn1cc(CNCC2CCN(c3ncc(C(=O)NO)cn3)CC2)c2ccccc21
1,N=C(N)NCCCC1NC(=O)CC(Cc2ccc(O)cc2)NC(=O)C(CC(=O)O)NC(=O)C(CCCCCC(=O)NO)NC1=O
1,O=C(C=Cc1ccc2c(c1)C(=O)CC1(CCN(Cc3ccccc3)C1)O2)NO
1,N=C(N)NCCCC1NC(=O)CC(Cc2ccc(O)cc2)NC(=O)C(Cc2cccc3ccccc23)NC(=O)C(CCCCCC(=O)O)NC1=O
1,Nc1ccccc1NC(=O)CCCCC(=O)Nc1ccc2c(c1)C(=Cc1ccc[nH]1)C(=O)N2
1,Nc1ccccc1NC(=O)CCCCCC(c1c[nH]c2ccccc12)c1c[nH]c2ccccc12
1,Nc1ccccc1NC(=O)CCCCCCC(=O)Nc1ccc2c(c1)C(=Cc1ccc[nH]1)C(=O)N2
1,Nc1ccccc1NC(=O)CCCCCCC(=O)Nc1cccc(-c2cn(-c3ccccc3)nn2)c1
1,Nc1ccccc1NC(=O)CCCCCCC(=O)Nc1ccccc1N
1,Nc1ccccc1NC(=O)c1ccc(-c2cn(CCc3cccc([N+](=O)[O-])c3)nn2)s1
1,Nc1ccccc1NC(=O)c1ccc(-c2cn(CCc3ccsc3)nn2)cc1
1,Nc1ccccc1NC(=O)c1ccc(C(C(=O)Nc2ccccc2)C(=O)Nc2ccccc2)cc1
1,Nc1ccccc1NC(=O)c1ccc(CNC(=O)OCc2cccnc2)cc1
1,Nc1cccc(-c2csc(NC(=O)CCCCc3cc(C(=O)NO)no3)n2)c1
1,O=C(C=Cc1ccc2c(c1)C(=O)CC1(CCN(Cc3ccccc3)CC1)O2)NO
1,O=C(C=Cc1ccc2c(c1)C(=O)NC1(CCN(Cc3ccccc3)CC1)O2)NO
1,O=C(C=Cc1ccc2cccnc2c1)NCCCCCC(=O)NO
1,O=C(CCCCCCC(=O)NN=Cc1ccc(-c2ccccc2)cc1)NO
1,O=C(CCCCCCC(=O)Nc1cc2c(Cl)ncnc2s1)NO
1,O=C(CCCCCCC(=O)Nc1cc2c(Nc3ccc(Br)cc3F)ncnc2s1)NO
1,O=C(CCCCCCC(=O)Nc1cc2c(Nc3ccc(Cl)c(C(F)(F)F)c3)ncnc2s1)NO
1,O=C(CCCCCCC(=O)Nc1cc2c(Nc3ccc(Cl)cc3F)ncnc2s1)NO
1,O=C(CCCCCCC(=O)Nc1cc2c(Nc3ccc(F)c(Cl)c3)ncnc2s1)NO
1,O=C(CCCCCCC(=O)Nc1cc2c(Nc3ccc(F)cc3F)ncnc2s1)NO
1,O=C(CCCCCCC(=O)Nc1cc2c(Nc3ccc(I)cc3F)ncnc2s1)NO
1,O=C(CCCCCCC(=O)Nc1cc2c(Nc3ccc(N4CCCC4)c(F)c3)ncnc2s1)NO
1,O=C(CCCCCC1OCCCCCOc2ccccc2NC1=O)NO
1,O=C(CCCCCCC(=O)Nc1cc2c(Nc3ccc(N4CCCC4)cc3)ncnc2s1)NO
1,O=C(CCCCCCC(=O)Nc1cc2c(Nc3ccc(OC4CCOC4)c(Cl)c3)ncnc2s1)NO
1,O=C(CCCCCCC(=O)Nc1cc2c(Nc3cccc(Cl)c3)ncnc2s1)NO
1,O=C(CCCCCCC(=O)Nc1cc2c(Nc3cccc(Cl)c3F)ncnc2s1)NO
1,O=C(CCCCCCC(=O)Nc1cc2c(Nc3ccccc3)ncnc2s1)NO
1,O=C(CCCCCCC(=O)Nc1ccc(-c2ccccc2)cc1)NO
1,O=C(CCCCCCC(=O)Nc1ccc(C2OC(CSc3nc(-c4ccccc4)c(-c4ccccc4)o3)CC(c3ccc(CO)cc3)O2)cc1)NO
1,O=C(CCCCCCC(=O)Nc1ccc(F)cc1)NO
1,O=C(CCCCCCC(=O)Nc1ccc2[nH]c(=O)ccc2c1)NO
1,O=C(CCCCCCC(=O)Nc1ccc2c(c1)C(=Cc1ccc[nH]1)C(=O)N2)NO
1,O=C(CCCCCCC(=O)Nc1cc2c(Nc3ccc(N4CCCCC4)c(F)c3)ncnc2s1)NO
1,Cc1cccc(NC(=O)CCCCC(=O)NO)c1
1,O=C(CCCCCC1OCCCCCCOc2ccccc2NC1=O)NO
1,O=C(CCCCCC(c1c[nH]c2ccccc12)c1c[nH]c2ccccc12)NO
1,O=C(C=Cc1cccc(-c2ccc3ncnc(Nc4ccc(OCc5cccc(F)c5)c(Cl)c4)c3c2)c1)NO
1,O=C(C=Cc1cccc(OCC(Cc2c[nH]c3ccccc23)NC(=O)c2ccc(Cl)cc2)c1)NO
1,O=C(C=Cc1cccc(S(=O)(=O)Nc2ccccc2)c1)NO
1,O=C(CCCCC(=O)NN=Cc1ccc(-c2ccccc2)cc1)NO
1,O=C(CCCCC(=O)Nc1cc2c(Nc3ccc(Cl)c(C(F)(F)F)c3)ncnc2s1)NO
1,O=C(CCCCC(=O)Nc1cc2c(Nc3ccc(F)c(Cl)c3)ncnc2s1)NO
1,O=C(CCCCC(=O)Nc1ccc2c(c1)C(=Cc1ccc[nH]1)C(=O)N2)NO
1,O=C(CCCCCC(=O)NN=Cc1ccc(-c2ccccc2)cc1)NO
1,O=C(CCCCCC(=O)NN=Cc1ccc(-c2ccccn2)cc1)NO
1,O=C(CCCCCC1OCCCCCCCOc2ccccc2NC1=O)NO
1,O=C(CCCCCC(=O)NN=Cc1ccc(-c2cccnc2)cc1)NO
1,O=C(CCCCCC(=O)NN=Cc1ccc(-c2ccncc2)cc1)NO
1,O=C(CCCCCC(=O)NN=Cc1ccc(-c2cncnc2)cc1)NO
1,O=C(CCCCCC(=O)Nc1cc2c(Nc3ccc(Cl)c(C(F)(F)F)c3)ncnc2s1)NO
1,O=C(CCCCCC(=O)Nc1cc2c(Nc3ccc(F)c(Cl)c3)ncnc2s1)NO
1,O=C(CCCCCC(=O)Nc1cc2c(Nc3ccccc3)ncnc2s1)NO
1,O=C(CCCCCC(NC(=O)C1CC(=O)N1)C(=O)Nc1ccccc1)NO
1,O=C(CCCCCC(NC(=O)C1CCC(=O)N1)C(=O)Nc1cccc(C(F)(F)F)c1)NO
1,O=C(CCCCCC(NC(=O)C1CCC(=O)N1)C(=O)Nc1ccccc1)NO
1,O=C(CCCCCC(c1c[nH]c2ccc([N+](=O)[O-])cc12)c1c[nH]c2ccc([N+](=O)[O-])cc12)NO
1,O=C(CCCCCC(=O)NN=Cc1ccc(-c2cccs2)cc1)NO
1,O=C(CCCCCCC(=O)Nc1ccc2c(c1)CCC(=O)N2)NO
1,Cc1cccc(NC(=O)C(CCCCCS)NC(=O)C2CCCC(=O)N2)c1
1,Cc1cccc(NC(=O)C(CCCCCS)NC(=O)C2CCC(=O)N2)c1
1,CCN(CC)c1ccc(Nc2ncnc3sc(NC(=O)CCCCCCC(=O)NO)cc23)cc1F
1,CCc1ccc(NC(=O)CCCCC(=O)NO)cc1
1,CCc1cccc(NC(=O)CCCCC(=O)NO)c1
1,CCc1sc(-c2nccs2)nc1C(=O)NCCCCC(=O)NO
1,CN(C)Cc1c(C(=O)NCCOc2ccc(C(=O)NO)cc2)oc2ccccc12
1,CN(C)c1ccc(Nc2ncnc3sc(NC(=O)CCCCCCC(=O)NO)cc23)cc1F
1,CN(Cc1ccccc1)C(=O)c1ccc(C(=O)C(F)(F)F)s1
1,CN1C(=O)CC(C)(C)c2cc(C(=O)NCCCCCCC(=O)NO)ccc21
1,CN1C(=O)CCC1C(=O)NC(CCCCCS)C(=O)Nc1ccccc1
1,CN1C(=O)CCCC1C(=O)NC(CCCCCS)C(=O)Nc1ccccc1
1,CN1CCc2c(c3ccccc3n2Cc2ccc(C(=O)NO)cc2)C1
1,CNC(=O)CCCCCC(NC(=O)c1cncs1)c1ncc(-c2ccc(-c3ccn[nH]3)cc2)[nH]1
1,COC(=O)c1ccc(CON=Cc2ccc(C=CC(=O)NO)cc2)cc1
1,COCCCNc1nccc2ccc(NC(=O)CCCCCCC(=O)NO)cc12
1,COCCN(CCOC)c1nccc2ccc(NC(=O)CCCCCCC(=O)NO)cc12
1,COc1cc(C2c3cc4c(cc3C(Nc3ccc(NC(=O)CCCCCC(=O)NO)cc3)C3COC(=O)C23)OCO4)cc(OC)c1O
1,COc1cc(C2c3cc4c(cc3C(Nc3ccc(NC(=O)CCCCCCC(=O)NO)cc3)C3COC(=O)C23)OCO4)cc(OC)c1O
1,COc1cc(C2c3cc4c(cc3C(Nc3ccc(OCCCC(=O)NO)cc3)C3COC(=O)C23)OCO4)cc(OC)c1O
1,COc1cc(C2c3cc4c(cc3C(Nc3ccc(OCCCCC(=O)NO)cc3)C3COC(=O)C23)OCO4)cc(OC)c1O
1,CCN(CC)c1ccc(Nc2ncnc3sc(NC(=O)CCCCCCC(=O)NO)cc23)cc1
1,CCN(CC)Cc1ccc2cc(COC(=O)Nc3ccc(C(=O)NO)cc3)ccc2c1
1,CCN(CC)CCn1ccc2ccc(NC(=O)CCCCCCC(=O)NO)cc2c1=O
1,CCCCn1ccc2ccc(NC(=O)CCCCCCC(=O)NO)cc2c1=O
1,CC=C1NC(=O)C(CS)NC(=O)C(C(C)C)CC(=O)CC(C=CCCS)OC(=O)C(C(C)C)NC1=O
1,CC=C1NC(=O)C(CS)NC(=O)C(C(C)C)NC(=O)CC(C=CCCS)OC(=O)C(C(C)C)NC1=O
1,CC=C1NC(=O)c2csc(n2)C(C(C)C)NC(=O)CC(C=CCCS)OC(=O)C(C(C)C)NC1=O
1,CC=C1NC(=O)c2csc(n2)CNC(=O)CC(C=CCCS)OC(=O)C(C(C)C)NC1=O
1,CC=C1NC(=O)c2csc(n2)CNC(=O)CC(C=CCCSC(C)=O)OC(=O)C(C(C)C)NC1=O
1,CC=Cc1sc(-c2nccs2)nc1C(=O)NCCCCC(=O)NO
1,CCC(=O)CCCCCC(NC(=O)C1CN(C)C1)c1ncc(-c2cc3ccccc3nc2OC)[nH]1
1,CCC(=O)CCCCCC1NC(=O)C(C)NC(=O)CC(CC(C)C)NC(=O)C(Cc2c[nH]c3ccccc23)NC1=O
1,CCC(=O)CCCCCC1NC(=O)C(CCCCCNC(C)=O)NC(=O)CC(CC(C)C)NC(=O)C(Cc2c[nH]c3ccccc23)NC1=O
1,COc1cc(C2c3cc4c(cc3C(Nc3ccc(OCCCCCC(=O)NO)cc3)C3COC(=O)C23)OCO4)cc(OC)c1O
1,CCC(=O)CCCCCC1NC(=O)C2CCCCN2C(=O)C(C(C)CC)NC(=O)C(Cc2cn(OC)c3ccccc23)NC1=O
1,CCC(=O)CCCSCC1NC(=O)C(C)NC(=O)CC(CC(C)C)NC(=O)C(Cc2c[nH]c3ccccc23)NC1=O
1,CCCC(CCC)C(=O)NC(COc1ccc(C=CC(=O)NO)cc1OC)Cc1c[nH]c2ccccc12
1,CCCCCCCC(=O)SCCC=CC1CC(=O)NCc2cc(ccn2)C2=NC(C)(CS2)C(=O)NC(C(C)C)C(=O)N1
1,CCCCCCCC(=O)SCCC=CC1CC(=O)NCc2cc(ccn2)C2=NC(C)(CS2)C(=O)NC(C(C)C)C(=O)O1
1,CCCCCCCC(=O)SCCC=CC1CC(=O)NCc2cccc(n2)C2=NC(C)(CS2)C(=O)NC(C(C)C)C(=O)N1
1,CCCCCCCC(=O)SCCC=CC1CC(=O)NCc2cccc(n2)C2=NC(C)(CS2)C(=O)NC(C(C)C)C(=O)O1
1,CCCCCCCC(=O)SCCC=CC1CC(=O)NCc2nc(cs2)C2=NC(C)(CS2)C(=O)NC(C(C)C)C(=O)O1
1,CCCCc1nc2cc(C=CC(=O)NO)ccc2n1CCN(CC)CC
1,CCCCc1sc(-c2nccs2)nc1C(=O)NCCCCC(=O)NO
1,CCC(=O)CCCCCC1NC(=O)CC(CC(C)C)NC(=O)C(Cc2c[nH]c3ccccc23)NC(=O)C(CCCCCC(=O)CC)NC1=O
1,COc1cc(C2c3cc4c(cc3C(Nc3ccc(OCCCCCCC(=O)NO)cc3)C3COC(=O)C23)OCO4)cc(OC)c1O
1,COc1cc(C2c3cc4c(cc3C(Nc3ccc(OCCCCCCCC(=O)NO)cc3)C3COC(=O)C23)OCO4)cc(OC)c1O
1,COc1cc(C2c3cc4c(cc3C(Nc3cccc(NC(=O)CCCCCC(=O)NO)c3)C3COC(=O)C23)OCO4)cc(OC)c1O
1,COc1ccccc1C(=O)NC(COc1cccc(C=CC(=O)NO)c1)Cc1c[nH]c2ccccc12
1,Cc1[nH]c2ccccc2c1CCNCc1ccc(C=CC(=O)NO)cc1
1,Cc1cc(C)cc(NC(=O)CCCCC(=O)NO)c1
1,Cc1ccc(NC(=O)C(CCCCCS)NC(=O)C2CCCC(=O)N2)cc1
1,Cc1ccc(NC(=O)CCCCC(=O)NO)cc1
1,Cc1ccc(NC(=O)CCCCC(=O)NO)cc1C
1,Cc1ccc(Nc2nccc3ccc(NC(=O)CCCCCCC(=O)NO)cc23)c(Br)c1
1,Cc1ccc(Nc2nccc3ccc(NC(=O)CCCCCCC(=O)NO)cc23)c(Cl)c1
1,Cc1ccc(Nc2nccc3ccc(NC(=O)CCCCCCC(=O)NO)cc23)c(F)c1
1,COc1cccc2c(C(CCCCCC(=O)NO)c3c[nH]c4c(OC)cccc34)c[nH]c12
1,Cc1ccc(Nc2nccc3ccc(NC(=O)CCCCCCC(=O)NO)cc23)cc1
1,Cc1ccc(Nc2nccc3ccc(NCc4ccc(C=CC(=O)NO)cc4)cc23)c(Br)c1
1,Cc1ccc(Nc2nccc3ccc(NCc4ccc(C=CC(=O)NO)cc4)cc23)c(Cl)c1
1,Cc1ccc(Nc2nccc3ccc(NCc4ccc(C=CC(=O)NO)cc4)cc23)cc1
1,Cc1ccc(Nc2ncnc3sc(NC(=O)CCCCCC(=O)NO)cc23)cc1
1,Cc1ccc(Nc2ncnc3sc(NC(=O)CCCCCC(=O)NO)cc23)cc1C
1,Cc1ccc(Nc2ncnc3sc(NC(=O)CCCCCCC(=O)NO)cc23)cc1
1,Cc1ccc(Nc2ncnc3sc(NC(=O)CCCCCCC(=O)NO)cc23)cc1C
1,Cc1cccc(CCNC(=O)C(CCCCCS)NC(=O)C2CCCC(=O)N2)c1
1,Cc1cccc(NC(=O)C(CCCCCC(=O)NO)NC(=O)C2CCC(=O)N2)c1
1,Cc1ccc(Nc2nccc3ccc(NCc4ccc(C(=O)NO)cc4)cc23)cc1
1,Cc1cccc(NC(=O)C(CCCCCS)NC(=O)C2CCC(=O)N2C)c1
1,COc1ccc2cc(C(=O)NCCCCCCC(=O)NO)ccc2n1
1,COc1ccc(NC(=O)CCCCC(=O)NO)cc1
1,COc1cc(C2c3cc4c(cc3C(Nc3cccc(NC(=O)CCCCCCC(=O)NO)c3)C3COC(=O)C23)OCO4)cc(OC)c1O
1,COc1cc(C2c3cc4c(cc3C(Nc3cccc(OCCCC(=O)NO)c3)C3COC(=O)C23)OCO4)cc(OC)c1O
1,COc1cc(C2c3cc4c(cc3C(Nc3cccc(OCCCCC(=O)NO)c3)C3COC(=O)C23)OCO4)cc(OC)c1O
1,COc1cc(C2c3cc4c(cc3C(Nc3cccc(OCCCCCC(=O)NO)c3)C3COC(=O)C23)OCO4)cc(OC)c1O
1,COc1cc(C2c3cc4c(cc3C(Nc3cccc(OCCCCCCC(=O)NO)c3)C3COC(=O)C23)OCO4)cc(OC)c1O
1,COc1cc(C2c3cc4c(cc3C(Nc3cccc(OCCCCCCCC(=O)NO)c3)C3COC(=O)C23)OCO4)cc(OC)c1O
1,COc1cc(C2c3cc4c(cc3C(Nc3ccccc3OCCCCC(=O)NO)C3COC(=O)C23)OCO4)cc(OC)c1O
1,COc1cc(C2c3cc4c(cc3C(Nc3ccccc3OCCCCCC(=O)NO)C3COC(=O)C23)OCO4)cc(OC)c1O
1,COc1cc(C2c3cc4c(cc3C(Nc3ccccc3OCCCCCCC(=O)NO)C3COC(=O)C23)OCO4)cc(OC)c1O
1,COc1ccc2[nH]c(C)c(CC(=O)NC(CCCCCC(=O)NO)C(=O)NCCc3c(-c4ccccc4)[nH]c4ccccc34)c2c1
1,COc1cc(C2c3cc4c(cc3C(Nc3ccccc3OCCCCCCCC(=O)NO)C3COC(=O)C23)OCO4)cc(OC)c1O
1,COc1cc2c(c(OC)c1OC)-c1ccc(OC)c(=O)cc1C(NC(=O)CCCCC(=O)NO)CC2
1,COc1cc2cc(c1)COc1ccccc1NC(=O)C(CCCCCC(=O)NO)OCC=C2
1,COc1cc2cc(c1)COc1ccccc1NC(=O)C(CCCCCC(=O)NO)OCCC2
1,COc1ccc(Br)c(C=NNC(=O)CCCCCC(=O)NO)c1
1,COc1ccc(C(=O)NC(COc2ccc(C=CC(=O)NO)cc2)Cc2c[nH]c3ccccc23)cc1
1,COc1ccc(C(=O)NC(COc2cccc(C=CC(=O)NO)c2)Cc2c[nH]c3ccccc23)cc1
1,COc1ccc(COC(CCCCCC(=O)NO)C(=O)Nc2ccccc2)cc1
1,COc1ccc(Cn2ccc3ccc(NC(=O)CCCCCCC(=O)NO)cc3c2=O)c(OC)c1
1,COc1ccc(N(C)c2nc(C)nc3ccccc23)cc1OCCCC(=O)NO
1,COc1cc(O)cc(OC)c1C=NNC(=O)CCCCCC(=O)NO
1,O=C(CCCCCCC(=O)Nc1ccc2ccnc(N3CCOCC3)c2c1)NO
1,O=C(CCCCCCC(=O)Nc1ccc2ccnc(Nc3ccc(Br)cc3F)c2c1)NO
1,O=C(CCCCCCC(=O)Nc1ccc2ccnc(Nc3ccc4ccccc4c3)c2c1)NO
1,O=C(CCCCNC(=O)c1nc(-c2nccs2)sc1Cc1ccccc1)NO
1,O=C(CCCCSc1nc(-c2ccc(-c3ccccc3)cc2)cc(=O)[nH]1)NO
1,O=C(CCCCc1cc(C(=O)NO)no1)Nc1cnc2ccccc2c1
1,O=C(CCCCc1cc(C(=O)NO)no1)Nc1nc(-c2ccccc2)cs1
1,O=C(CCCCc1ccn(-c2ccccc2)n1)NO
1,O=C(CCCCc1ccn(Cc2ccc(-c3ccccc3)cc2)n1)NO
1,O=C(CCCCc1ccn(Cc2ccc(-n3ccc4ccccc43)cc2)n1)NO
1,O=C(CCCCc1ccn(Cc2ccc(Nc3ccccc3)cc2)n1)NO
1,O=C(CCCCc1ccn(Cc2cccc(-c3ccccc3)c2)n1)NO
1,O=C(CCCCNC(=O)c1nc(-c2nccs2)sc1CCOCc1ccccc1)NO
1,O=C(CCN1C(=O)C2(OCCCO2)c2cc(Br)ccc21)Nc1ccc(C(=O)NO)cc1
1,O=C(NCCCCC(=O)C(F)(F)F)c1nc(-c2nc3c(s2)CCCC3)sc1C1CC1
1,O=C(NCCCCC(=O)C(F)(F)F)c1nc(-c2nccs2)sc1C1CC1
1,O=C(NCCCCC(=O)C(F)(F)F)c1nc(-c2nccs2)sc1Cc1ccccc1
1,O=C(NCCCCCC(=O)C(F)(F)F)c1nc(-c2nccs2)sc1C1CC1
1,O=C(NCCCCCCS)c1cc(-c2cccnc2)n[nH]1
1,O=C(NCCCCCCS)c1cc(-c2ccncc2)n[nH]1
1,O=C(NCCCCCCS)c1cc(-c2cnccn2)n[nH]1
1,O=C(NO)C1=CCCC1
1,O=C(NO)c1ccc(-c2ccc3ncnc(Nc4ccc(OCc5cccc(F)c5)c(Cl)c4)c3c2)s1
1,O=C(COc1ccc(C(=O)NO)cc1)Nc1ccc2ccnc(Nc3ccc4ccccc4c3)c2c1
1,O=C(NO)c1ccc(CNc2nccc(-c3cccnc3)n2)cc1
1,O=C(CCCCNC(=O)c1nc(-c2nccs2)sc1C1CCCCC1)NO
1,O=C(CCCCNC(=O)c1nc(-c2nccs2)sc1-c1ccccc1Cl)NO
1,O=C(CCCCCCC(=O)Nc1ccc2ccnc(Nc3cccc(Cl)c3F)c2c1)NO
1,O=C(CCCCCCC(=O)Nc1ccc2ccnc(Nc3ccccc3F)c2c1)NO
1,O=C(CCCCCCC(=O)Nc1ccccc1)NO
1,O=C(CCCCCCC(=O)Nc1cccnc1)NO
1,O=C(CCCCCCCS)Nc1ccccc1
1,O=C(CCCCCCNC(=O)c1ccc2[nH]c(=O)ccc2c1)NO
1,O=C(CCCCCCNC(=O)c1ccc2c(c1)CCC(=O)N2)NO
1,O=C(CCCCCCNC(=O)c1cnc(N(c2ccccc2)c2ccccc2)nc1)NO
1,O=C(CCCCCCS)NC1CCCC1
1,O=C(CCCCNC(=O)c1nc(-c2nccs2)sc1C1CC1)NO
1,O=C(CCCCCCS)Nc1ccccc1
1,O=C(CCCCCN1C(=O)c2cccc3cccc(c23)C1=O)NO
1,O=C(CCCCCOc1no[n+]([O-])c1S(=O)(=O)c1ccccc1)NO
1,O=C(CCCCCS)Nc1ccccc1
1,O=C(CCCCNC(=O)c1csc(-c2cscn2)n1)NO
1,O=C(CCCCNC(=O)c1csc(-c2nccs2)n1)NO
1,O=C(CCCCNC(=O)c1nc(-c2nccs2)sc1-c1ccc(F)cc1)NO
1,O=C(CCCCNC(=O)c1nc(-c2nccs2)sc1-c1ccc(F)cc1Cl)NO
1,O=C(CCCCNC(=O)c1nc(-c2nccs2)sc1-c1ccc([N+](=O)[O-])cc1)NO
1,O=C(CCCCNC(=O)c1nc(-c2nccs2)sc1-c1ccccc1)NO
1,O=C(CCCCCCc1nc2ccc(Br)cc2[nH]1)NO
1,O=C(NO)c1cnc(N2CC3C(C2)C3NCc2ccc(Cl)cc2)nc1
1,O=C(NO)c1cnc(N2CCN(C(C=Cc3ccc(F)cc3)CO)CC2)nc1
1,O=C(NO)c1cnc(N2CC3C(C2)C3NCc2ccc3cc(F)ccc3n2)nc1
1,O=C(NO)c1cnc(N2CCN(S(=O)(=O)c3ccc4ccccc4c3)CC2)nc1
1,O=C(Nc1ccccc1)C(CCCCCS)NC(=O)C1C(=O)NCC1c1ccccc1
1,O=C(Nc1ccccc1)C(CCCCCS)NC(=O)C1CCCNC1=O
1,O=C(c1ccc(-c2nc(COc3ccc(-c4nnco4)cc3)no2)s1)C(F)(F)F
1,O=C1CC(C(=O)NC(CCCCCS)C(=O)Nc2ccccc2)N1
1,O=C1CCC(C(=O)NC(CCCCCS)C(=O)Nc2cccc(C(F)(F)F)c2)N1
1,O=C1CCC(C(=O)NC(CCCCCS)C(=O)Nc2ccccc2)N1
1,O=C1CCCC(C(=O)NC(CCCCCS)C(=O)NC2CCCC2)N1
1,O=C1CCCC(C(=O)NC(CCCCCS)C(=O)NCc2ccc(C(F)(F)F)cc2)N1
1,O=C1CCCC(C(=O)NC(CCCCCS)C(=O)NCc2cccc(OCc3ccccc3)c2)N1
1,[N-]=[N+]=NCc1cc(Cn2cc(NC(=O)CCCCCCC(=O)NO)cn2)cc(N=[N+]=[N-])c1
1,[N-]=[N+]=NCc1cc(N=[N+]=[N-])cc(C(=O)Nc2ccc(-c3cc(C(=O)NCCCCCCC(=O)NO)no3)cc2)c1
1,O=C1CCCC(C(=O)NC(CCCCCS)C(=O)Nc2ccccc2)N1
1,CC1NC(=O)C(C(C)C)NC(=O)CC(CCCCCC(=O)O)NC(=O)C(Cc2ccccc2)NC1=O
1,CC1NC(=O)C(C(C)C)NC(=O)CC(CCCCCC(=O)O)NC(=O)C(Cc2ccc(O)cc2)NC1=O
1,CC1NC(=O)C(C(C)C)NC(=O)CC(CC=CCCC(=O)O)NC(=O)C(Cc2ccccc2)NC1=O
1,CC(=O)N1c2ccc(-c3ccc(NC(=O)CCCCCCC(=O)NO)cc3)cc2C(NC(=O)OC(C)C)CC1C
1,CC(=O)NCCCCC1NC(=O)CC(CC(C)C)NC(=O)C(Cc2cccc3ccccc23)NC(=O)C(CCCCCC(=O)O)NC1=O
1,CC(=O)NCCCCCC1NC(=O)CC(CC(C)C)NC(=O)C(Cc2cccc3ccccc23)NC(=O)C(CCCCCC(=O)O)NC1=O
1,CC(=O)Nc1ccc(C(=O)Nc2cc(-c3cccs3)ccc2N)cc1
1,CC(=O)Nc1ccc(C(=O)Nc2ccccc2N)cc1
1,CC(=O)SCCC=CC1CC(=O)NCc2ccc(cc2)C2=NC(C)(CS2)C(=O)NC(C(C)C)C(=O)O1
1,CC(=O)SCCCCCCNC(=O)c1cc(-c2ccc(F)cc2)nn1C
1,CC(C)(C)OC(=O)NCCC1NC(=O)C2(C)CSC(=N2)c2csc(n2)CNC(=O)CC(C=CCCS)OC1=O
1,CC(C)(C)OC(=O)NCCCC1NC(=O)C2(C)CSC(=N2)c2csc(n2)CNC(=O)CC(C=CCCS)OC1=O
1,CC(C)(C)OC(=O)Nc1ccc(-c2cc(C(=O)NCCCCCCC(=O)NO)no2)cc1
1,CC(C)(C)OC(=O)Nc1cccc(-c2csc(NC(=O)CCCCCCC(=O)NO)n2)c1
1,CC(C)(C)OC(=O)n1cnc(CC2NC(=O)C3(C)CSC(=N3)c3csc(n3)CNC(=O)CC(C=CCCS)OC2=O)c1
1,CC(C)=Cc1sc(-c2nccs2)nc1C(=O)NCCCCC(=O)NO
1,CC(C)C(NC(=O)c1csc(-c2cscn2)n1)C(=O)OCC=CCCS
1,CC(C)C1CC1c1sc(-c2nccs2)nc1C(=O)NCCCCC(=O)NO
1,CC(C)C1NC(=O)C2(C)CSC(=N2)c2cccc(n2)CNC(=O)CC(C=CCCS)NC1=O
1,CC(C)C1NC(=O)C2(C)CSC(=N2)c2cccc(n2)CNC(=O)CC(C=CCCS)OC1=O
1,CC(C)C1NC(=O)C2(C)CSC(=N2)c2ccnc(c2)CNC(=O)CC(C=CCCS)NC1=O
1,CC(C)C1NC(=O)C2(C)CSC(=N2)c2ccnc(c2)CNC(=O)CC(C=CCCS)OC1=O
1,CC(=O)CCCCCC(NC(=O)C1CCCCN1C)C(=O)Nc1nc(-c2ccccc2)cs1
1,C=Cc1sc(-c2nccs2)nc1C(=O)NCCCCC(=O)NO
1,C#Cc1cccc(Nc2ncnc3ccc(S(=O)(=O)n4ccc(C=CC(=O)Nc5ccccc5N)c4)cc23)c1
1,C#Cc1cccc(Nc2ncnc3ccc(S(=O)(=O)n4ccc(C=CC(=O)NO)c4)cc23)c1
1,CC(C)C1NC(=O)C2(C)CSC(=N2)c2coc(n2)CNC(=O)CC(C=CCCS)OC1=O
1,C#Cc1cccc(Nc2ncnc3cc(NC(=O)c4ccc(C(=O)Nc5ccccc5N)cc4)ccc23)c1
1,C#Cc1cccc(Nc2ncnc3cc(NC(=O)c4ccc(C(=O)Nc5ccccc5N)nc4)ccc23)c1
1,C#Cc1cccc(Nc2ncnc3cc(NC(=O)c4ccc(C(=O)Nc5ccccc5N)s4)ccc23)c1
1,C#Cc1cccc(Nc2ncnc3cc(OC)c(OCCCCCCC(=O)NO)cc23)c1
1,C#Cc1cccc(Nc2ncnc3ccc(NC(=O)c4ccc(C(=O)Nc5ccccc5N)cc4)cc23)c1
1,C#Cc1cccc(Nc2ncnc3ccc(NC(=O)c4ccc(C(=O)Nc5ccccc5N)nc4)cc23)c1
1,C#Cc1cccc(Nc2ncnc3ccc(NC(=O)c4ccc(C(=O)Nc5ccccc5N)s4)cc23)c1
1,C#Cc1cccc(Nc2ncnc3ccc(OCc4ccc(C(=O)Nc5ccccc5N)cc4)cc23)c1
1,CC(C)C1NC(=O)C2(C)CSC(=N2)c2coc(n2)CNC(=O)CC(C=CCCSSCCC=CC2CC(=O)NCc3nc(co3)C3=NC(C)(CS3)C(=O)NC(C(C)C)C(=O)O2)OC1=O
1,CC(C)C1NC(=O)C2(C)CSC(=N2)c2csc(n2)CNC(=O)CC(C=CCCS)NC1=O
1,CC(C)C1NC(=O)C2(C)CSC(=N2)c2csc(n2)CNC(=O)CC(C=CCCS)OC1=O
1,CC1(C)CC(=O)Nc2ccc(C(=O)NCC3CCC(CCC(=O)NO)CC3)cc21
1,CC1(C)CC(=O)Nc2ccc(C(=O)NCCCCCCC(=O)NO)cc21
1,CC1(C)CC(=O)Nc2ccc(C(=O)NCc3ccc(C=CC(=O)NO)cc3)cc21
1,CC1(C)CC(=O)Nc2ccc(C(=O)NCc3cccc(C=CC(=O)NO)c3)cc21
1,CC1(C)CC(=O)Nc2ccc(NC(=O)CCCCCCC(=O)NO)cc21
1,CC12CCC3c4ccc(O)cc4CC(CCCCCCCCCCC(=O)NO)C3C1CCC2O
1,CC12CSC(=N1)c1csc(n1)CNC(=O)CC(C=CCCS)OC(=O)C(CC(=O)O)NC2=O
1,CC12CSC(=N1)c1csc(n1)CNC(=O)CC(C=CCCS)OC(=O)C(CCCN)NC2=O
1,CC12CSC(=N1)c1csc(n1)CNC(=O)CC(C=CCCS)OC(=O)C(CCN)NC2=O
1,CC1(C)CC(=O)Nc2ccc(C(=O)NCC3CCC(C=CC(=O)NO)CC3)cc21
1,CC12CSC(=N1)c1csc(n1)CNC(=O)CC(C=CCCS)OC(=O)C(Cc1c[nH]cn1)NC2=O
1,CC12CSC(=N1)c1csc(n1)CNC(=O)CC(C=CCCS)OC(=O)C(Cc1ccccc1)NC2=O
1,CC12Nc3ccccc3C1(O)CCN2Cc1ccc(C=CC(=O)NO)cc1
1,CC12Nc3ccccc3C1(O)CCN2Cc1ccc(C=CC(N)=O)cc1
1,CC1=C(C)C(=O)C(CONC(=O)CCCCCCC(=O)Nc2ccccc2)=C(C)C1=O
1,CC1CN(c2ccc(C(=O)Nc3ccccc3N)cn2)CCN1C(=O)OCc1ccccc1
1,CC1NC(=O)C(C(C)C)NC(=O)CC(C=CCCCC(=O)O)NC(=O)C(Cc2c[nH]c3ccccc23)NC1=O
1,CC1NC(=O)C(C(C)C)NC(=O)CC(C=CCCCC(=O)O)NC(=O)C(Cc2ccc(O)cc2)NC1=O
1,CC1NC(=O)C(C(C)C)NC(=O)CC(CC=CCCC(=O)O)NC(=O)C(Cc2c[nH]c3ccccc23)NC1=O
1,CC1NC(=O)C(C(C)C)NC(=O)CC(CC=CCCC(=O)O)NC(=O)C(Cc2ccc(O)cc2)NC1=O
1,CC12CSC(=N1)c1csc(n1)CNC(=O)CC(C=CCCS)OC(=O)C(Cc1ccc(O)cc1)NC2=O
1,CC(NC(=O)c1ccc(C(=O)C(F)(F)F)s1)c1cccc2ccccc12
1,CC(C=CC(=O)NO)=CC(C)C(=O)c1ccc(N(C)C)cc1
1,CC(C)C1NC(=O)C2(C)CSC(=N2)c2csc(n2)CNC(=O)CC(C=CCCSSCC(NC(=O)OC(C)(C)C)C(=O)OC(C)(C)C)OC1=O
1,CC(C)C1NC(=O)C2(C)CSC(=N2)c2csc(n2)CNC(=O)CC(C=CCCSSCCC=CC2CC(=O)NCc3nc(cs3)C3=NC(C)(CS3)C(=O)NC(C(C)C)C(=O)O2)OC1=O
1,CC(C)C1NC(=O)Cn2cc(nn2)-c2csc(n2)CNC(=O)CC(C=CCCS)OC1=O
1,CC(C)C1NC(=O)Cn2nnc(n2)-c2csc(n2)CNC(=O)CC(C=CCCS)OC1=O
1,CC(C)C1NC(=O)Cn2nnnc2-c2csc(n2)CNC(=O)CC(C=CCCS)OC1=O
1,CC(C)C1NC(=O)c2csc(n2)-c2csc(n2)CNC(=O)CC(C=CCCS)OC1=O
1,CC(C)C=Cc1sc(-c2nccs2)nc1C(=O)NCCCCC(=O)NO
1,CC(C)CC1CC(=O)NC(C)(C)C(=O)NC(CCCCCC(=O)O)C(=O)NC(Cc2cccc3ccccc23)C(=O)N1
1,CC(C)CC1CC(=O)NC(C)C(=O)NC(CCCCCC(=O)NO)C(=O)NC(Cc2c[nH]c3ccccc23)C(=O)N1
1,CC(C=Cc1ccccc1)=CC(=O)NCCCCCC(=O)NO
1,CC(C)CC1CC(=O)NC(C)C(=O)NC(CCCCCC(=O)O)C(=O)NC(Cc2c[nH]c3ccccc23)C(=O)N1
1,CC(C)CC1CC(=O)NC(CCCCN)C(=O)NC(CCCCCC(=O)O)C(=O)NC(Cc2cccc3ccccc23)C(=O)N1
1,CC(C)CC1CC(=O)NC(CCCNC(=N)N)C(=O)NC(CCCCCC(=O)O)C(=O)NC(Cc2cccc3ccccc23)C(=O)N1
1,CC(C)CC1CC(=O)NC(Cc2ccccc2)C(=O)NC(CCCCCC(=O)NO)C(=O)NC(Cc2c[nH]c3ccccc23)C(=O)N1
1,CC(C)CC1CC(=O)NC(Cc2ccccc2)C(=O)NC(CCCCCC(=O)O)C(=O)NC(Cc2cccc3ccccc23)C(=O)N1
1,CC(C)CCn1ccc2ccc(NC(=O)CCCCCCC(=O)NO)cc2c1=O
1,CC(C)Cc1sc(-c2nccs2)nc1C(=O)NCCCCC(=O)C(F)(F)F
1,CC(C)Cc1sc(-c2nccs2)nc1C(=O)NCCCCC(=O)NO
1,CC(C)N1CCN(c2nccc3ccc(NC(=O)CCCCCCC(=O)NO)cc23)CC1
1,CC(C)c1sc(-c2nccs2)nc1C(=O)NCCCCC(=O)NO
1,CC(C)CC1CC(=O)NC(C)C(=O)NC(CCCCCC(=O)O)C(=O)NC(Cc2cccc3ccccc23)C(=O)N1
1,CC1NC(=O)C(C(C)C)NC(=O)CC(CCCCCC(=O)O)NC(=O)C(Cc2c[nH]c3ccccc23)NC1=O
0,O=C(c1ccc(C(=O)C(F)(F)F)s1)N1CCn2c(-c3ccccc3)cnc2C1
0,COc1ccc(Cl)cc1N1CCN(C(=O)c2ccc(C(=O)C(F)(F)F)s2)CC1
0,CCC(=O)CCSCC1NC(=O)C(C)NC(=O)CC(CC(C)C)NC(=O)C(Cc2c[nH]c3ccccc23)NC1=O
0,O=C(NCCCCCNC(=O)c1nc(-c2nccs2)sc1C1CC1)c1cccc(-c2noc(C(F)(F)F)n2)c1
0,N=C(N)NCCCC1NC(=O)CC(Cc2ccc(O)cc2)NC(=O)C(CC(=O)O)NC(=O)C(CCCCCC(=O)O)NC1=O
0,O=C(CCCCCCC(=O)Nc1ccccc1)NOCc1ccccc1
0,O=C(NCCCC(=O)C(F)(F)F)c1nc(-c2nccs2)sc1C1CC1
0,O=C(NO)NCCCCNC(=O)c1nc(-c2nccs2)sc1C1CC1
0,CC(C)CC1CC(=O)NC(C)C(=O)NC(CSCC(=O)O)C(=O)NC(Cc2c[nH]c3ccccc23)C(=O)N1
0,CC(=O)NCCCCC1NC(=O)CC(CC(C)C)NC(=O)C(Cc2c[nH]c3ccccc23)NC(=O)C(CSCCC(=O)O)NC1=O
0,Nc1ccc(-c2cccs2)cc1NC(=O)c1ccc2nccnc2c1
0,Nc1ccccc1NC(=O)c1ccc2nccnc2c1
0,COc1ccc(C(=O)Nc2cc(-c3cccs3)ccc2N)cc1
0,COc1ccc(Cn2ccc3ccc(C(=O)NO)cc32)cc1
0,CC(C)C1NC(=O)C2CCCN2C(=O)C2CCCN2C(=O)CC(C(=O)NCCCC(=O)NO)NC1=O
0,O=C(CCCCc1cc(C(=O)NO)no1)NC1CCCCC1
0,O=C(CCCCc1cc(CO)no1)Nc1nc(-c2ccccc2)cs1
0,NC(=O)c1cc(CCCCC(=O)Nc2nc(-c3ccccc3)cs2)on1
0,Nc1ccccc1NC(=O)CCc1ccc(-c2ccc3ncnc(Nc4ccc(OCc5cccc(F)c5)c(Cl)c4)c3c2)cc1
0,O=C(C=Cc1ccc(-c2ccc3ncnc(Nc4ccc(OCc5cccc(F)c5)c(Cl)c4)c3c2)s1)NO
0,O=C(C=Cc1ccc(-c2ccc3ncnc(Nc4ccc(OCc5cccc(F)c5)c(Cl)c4)c3c2)cc1)NO
0,Nc1ccc(-c2ccc(F)cc2)cc1NC(=O)C1COc2ccccc2C1
0,O=C(NCC1(c2nc(-c3ccccc3)cs2)CCOCC1)c1cccc(-c2noc(C(F)(F)F)n2)c1
0,Nc1ccccc1NC(=O)c1ccc(-c2ccc3ncnc(Nc4ccc(OCc5cccc(F)c5)c(Cl)c4)c3c2)s1
0,O=C(NO)c1ccc(-c2ccc3ncnc(Nc4ccc(OCc5cccc(F)c5)c(Cl)c4)c3c2)o1
0,Cn1cccc1C(=O)N1CCCc2cc(C(=O)NO)ccc2C1
0,Cn1cccc1C(=O)N1Cc2ccc(C(=O)NO)cc2C1
0,CC(C)(C)C(=O)N1Cc2ccc(C(=O)NO)cc2C1
0,CC(C)(C)C(=O)N1CCc2cc(C(=O)NO)ccc2C1
0,Nc1ccc(-c2ccccc2F)cc1NC(=O)c1ccc(C(=O)N2CCC3(CCCN3)CC2)cc1
0,CS(=O)(=O)CCNCc1ccc(-c2ccc3ncnc(Nc4ccc(OCc5cccc(F)c5)c(Cl)c4)c3c2)o1
0,O=C(Nc1cc(-c2ccccc2)ccc1O)c1ccccc1
0,CNC(=O)C(CCCCCC(C(=O)Nc1ccccc1)N(Cc1ccccc1)Cc1ccccc1)=NO
0,CNC(=O)C(CCCCCCC(=O)Nc1cnc2ccccc2c1)=NO
0,CNC(=O)C(CCCCCCC(=O)NC1c2ccccc2-c2ccccc21)=NO
0,COc1ccc(-c2ccc(C=CC=CC(=O)NO)cc2)cc1C12CC3CC(CC(C3)C1)C2
0,CNC(=O)C(CCCCCCC(=O)Nc1ccc(N(C)C)cc1)=NO
0,CNC(=O)C(CCCCCCC(=O)Nc1ccc2ccccc2c1)=NO
0,Nc1ccccc1NC(=O)C=Cc1ccc(-c2ccc3ncnc(Nc4ccc(OCc5cccc(F)c5)c(Cl)c4)c3c2)o1
0,CNC(=O)C(CCCCCCC(=O)Nc1ccc(-c2ccccc2)cc1)=NO
0,CNC(=O)C(CCCCCCC(=O)Nc1cccc(-c2cncc3cc(Cl)ccc23)c1)=NO
0,C#Cc1cccc(Nc2ncnc3cc(OCCOC)c(OCCOC)cc23)c1
0,O=C(NO)c1ccc2c(c1)CC(Nc1nccc(-c3cccnc3)n1)CC2
0,Nc1ccccc1NC(=O)C=Cc1cccc(-c2ccc3ncnc(Nc4ccc(OCc5cccc(F)c5)c(Cl)c4)c3c2)c1
0,Nc1ccccc1NC(=O)C=Cc1ccc(-c2ccc3ncnc(Nc4ccc(OCc5cccc(F)c5)c(Cl)c4)c3c2)cc1
0,Nc1ccccc1NC(=O)c1ccc(-c2ccc3ncnc(Nc4ccc(OCc5cccc(F)c5)c(Cl)c4)c3c2)o1
0,CCCCN(O)C(=O)CCCCCCCCCCC1Cc2cc(O)ccc2C2CCC3(C)C(O)CCC3C12
0,O=C(NO)C(c1ccccc1)c1ccccc1
0,CC(C)(C)OC(=O)ON(C(=O)CCCCCCC(=O)N(OC(=O)OC(C)(C)C)C(=O)OC(C)(C)C)C(=O)OC(C)(C)C
0,COc1ccc(-c2ccc(C=CC=CC(=O)NO)cc2)cc1
0,Cc1c(CNc2ccc(C(=O)Nc3cc(-c4ccccc4)ccc3N)cc2)cnn1C
0,Cc1[nH]c2ccccc2c1CCNCc1ccc(C=CC(N)=O)cc1
0,Cc1[nH]c2cc(O)ccc2c1CCNCc1ccc(C=CC(N)=O)cc1
0,COc1ccc2cc(C(=O)C=CC=Cc3ccc(OC)c(OC)c3)c(=O)oc2c1
0,COc1ccc(C=CC(=O)Nc2ccc(C(C)N3CCc4nc(C(=O)NO)sc4C3)cn2)cc1
0,COc1ccc(C=CC(=O)Nc2ccc(C(=O)N3CCc4nc(C(=O)NO)sc4C3)cc2)cc1
0,COc1ccc(C=CC(=O)NCCCN2CCc3nc(C(=O)NO)sc3C2)cc1
0,COc1ccc(C=CC(=O)NCCCCN2CCc3nc(C(=O)NO)sc3C2)cc1
0,COc1ccc(C(=O)Nc2ccccc2N)cc1
0,COc1ccc(-c2ccc(C=CC(=O)NO)cc2)cc1
0,COc1cc2c(c(OC)c1OC)-c1ccc(OC)c(=O)cc1C(NCc1cccc(C(=O)Nc3cc(-c4cccs4)ccc3N)c1)CC2
0,COc1cc2c(c(OC)c1OC)-c1ccc(OC)c(=O)cc1C(NCc1ccc(C(=O)Nc3ccccc3N)cc1)CC2
0,COc1cc2c(c(OC)c1OC)-c1ccc(OC)c(=O)cc1C(NCc1ccc(C(=O)Nc3cc(-c4cccs4)ccc3N)cc1)CC2
0,COc1cc2c(c(OC)c1OC)-c1ccc(OC)c(=O)cc1C(NC(=O)c1cccc(C(=O)Nc3ccccc3N)c1)CC2
0,COc1cc2c(c(OC)c1OC)-c1ccc(OC)c(=O)cc1C(NC(=O)c1cccc(C(=O)Nc3cc(-c4cccs4)ccc3N)c1)CC2
0,COc1cc2c(c(OC)c1OC)-c1ccc(OC)c(=O)cc1C(NC(=O)c1ccc(C(=O)Nc3ccccc3N)cc1)CC2
0,COc1cc2c(c(OC)c1OC)-c1ccc(OC)c(=O)cc1C(NC(=O)c1ccc(C(=O)Nc3cc(-c4cccs4)ccc3N)cc1)CC2
0,Cc1c(O)c(O)c(O)c(C=O)c1-c1cc2c(C=O)c(C)c(O)c(O)c2o1
0,Cc1c(O)c(O)c2c(c1C=O)C1OC(O2)c2c(C)c(O)c(O)c(O)c2C1=O
0,Cc1ccc(C(=O)NC(CCCNC(=N)N)C(=O)NCCC(=O)Nc2ccccc2N)cc1
0,Cc1ccc(C(=O)NCC(=O)NCCC(=O)Nc2ccccc2N)cc1
0,Nc1ccc(-c2ccc(F)cc2)cc1NC(=O)C1C2COCC21
0,N=C(N)NCCCC1NC(=O)CNC(=O)C(CCCCCC(=O)Nc2ccccc2N)NC(=O)CNC1=O
0,N=C(N)NCCCC1NC(=O)CC(CO)NC(=O)C(Cc2cccc3ccccc23)NC(=O)C(CCCCCC(=O)O)NC1=O
0,N=C(N)NCCCC(N)C(=O)NCC(=O)NC(CCCCCC(=O)Nc1ccccc1N)C(=O)Nc1ccccc1N
0,Cn1cccc1C(=O)NCc1ccc(C(=O)NO)cc1
0,Cn1cccc1C(=O)N1CCn2cc(C(=O)NO)cc2C1
0,Cn1cccc1C(=O)N1CCc2cc(C(=O)NO)ccc2C1
0,Cn1cc(C2C(C(=O)NO)C2c2ccccc2)cn1
0,COc1cc2c(c(OC)c1OC)-c1ccc(OC)c(=O)cc1C(NC(=O)CCCCCC(=O)NO)CC2
0,Cc1onc(-c2ccccc2)c1C(=O)NCCCCCNC(=O)CS
0,Cc1nc(-c2nc(C(=O)NC(C(=O)NCCCC(=O)NO)C(C)C)cs2)cs1
0,Cc1nc(-c2nc(C(=O)NC(C(=O)NCCC(=O)NO)C(C)C)cs2)cs1
0,Cc1ccccc1NC(=O)CCCCC(=O)NO
0,Cc1cccc(NC(=O)CCCCC(=O)NO)c1C
0,Cc1cccc(CCNC(=O)CCCCCCS)c1
0,Cc1cccc(C)c1NC(=O)CCCCC(=O)NO
0,Cc1ccc(NC(=O)CCCCC(=O)NO)c(C)c1
0,Cc1ccc(C)c(NC(=O)CCCCC(=O)NO)c1
0,Cc1onc(-c2ccccc2)c1C(=O)NCCCCCNC(=O)C(C)S
0,COc1cc2c(c(OC)c1OC)-c1ccc(OC)c(=O)cc1C(NC(=O)CCCC(=O)NO)CC2
0,COc1cc2c(c(OC)c1OC)-c1ccc(OC)c(=O)cc1C(NC(=O)CCC(=O)NO)CC2
0,COc1cc(C2c3cc4c(cc3C(Nc3ccccc3OCCCC(=O)NO)C3COC(=O)C23)OCO4)cc(OC)c1O
0,CCCCCCCC(=O)SCCC=CC1CC(=O)NCc2nc(cs2)-c2nnnn2CC(=O)NC(C(C)C)C(=O)O1
0,CCCCCCCC(=O)SCCC=CC1CC(=O)NCc2nc(cs2)-c2nnn(n2)CC(=O)NC(C(C)C)C(=O)O1
0,CCCCCCCC(=O)SCCC=CC1CC(=O)NCc2nc(cs2)-c2nc(cs2)C(=O)NC(C(C)C)C(=O)O1
0,CCCCCCCC(=O)SCCC=CC1CC(=O)NCc2nc(cs2)-c2cn(nn2)CC(=O)NC(C(C)C)C(=O)O1
0,CCCCCCCC(=O)SCCC=CC1CC(=O)NCc2nc(co2)C2=NC(C)(CS2)C(=O)NC(C(C)C)C(=O)O1
0,CCCC(=O)O
0,CCCC(=O)NO
0,CC=C1NC(=O)c2csc(n2)CNC(=O)CC(C=CCCSC(=O)CCCCCCC)OC(=O)C(C(C)C)NC1=O
0,CCCCCCCC(=O)SCCC=CC1CC(=O)NCc2nc(cs2)C2=NC(C)(CS2)C(=O)NC(C(C)C)C(=O)N1
0,CC=C1NC(=O)c2csc(n2)C(C(C)C)NC(=O)CC(C=CCCSC(=O)CCCCCCC)OC(=O)C(C(C)C)NC1=O
0,CC1NC(=O)C(C(C)C)NC(=O)CC(C=CCCCC(=O)O)NC(=O)C(Cc2ccccc2)NC1=O
0,CC12CCC3c4ccc(O)cc4CC(CCCCCCCCCCC(=O)Nc4ccccc4N)C3C1CCC2O
0,CC1(C)NC(=O)CC(Cc2c[nH]c3ccccc23)NC(=O)C(Cc2cccc3ccccc23)NC(=O)C(CCCCCC(=O)O)NC1=O
0,CC(c1ccc(NC(=O)c2ccc(-c3ccccc3)s2)nc1)N1CCc2nc(C(=O)NO)sc2C1
0,CC(c1ccc(NC(=O)C=Cc2ccccc2)nc1)N1CCc2nc(C(=O)NO)sc2C1
0,CC(NC(=O)c1ccc(C(=O)C(F)(F)F)s1)c1ccncc1
0,CC(C)N(C(=O)C=Cc1ccccc1)c1cccc(CN2CCc3nc(C(=O)NO)sc3C2)c1
0,CC(C)CC1CC(=O)NC(C)C(=O)NC(CSCCC(=O)O)C(=O)NC(Cc2c[nH]c3ccccc23)C(=O)N1
0,CC1NC(=O)C(C)NC(=O)C2CCCN2C(=O)C(CCCCCC(=O)C2CO2)NC1=O
0,Nc1ccc(-c2ccc(F)cc2)cc1NC(=O)C1CC2CCC(C1)O2
0,CCCCCCCC(=O)SCCC=CCOC(=O)C(NC(=O)c1csc(-c2csc(C)n2)n1)C(C)C
0,CCCCN(O)C(=O)c1cccc(NC(=O)CCCCCSC2Cc3cc(O)ccc3C3CCC4(C)C(O)CCC4C23)c1
0,COc1cc(C2c3cc4c(cc3C(Nc3cccc(NC(=O)CCCCC(=O)NO)c3)C3COC(=O)C23)OCO4)cc(OC)c1O
0,COc1cc(C2c3cc4c(cc3C(Nc3ccc(OCCCCCCC(=O)Nc5ccccc5N)cc3)C3COC(=O)C23)OCO4)cc(OC)c1O
0,COc1cc(C2c3cc4c(cc3C(Nc3ccc(NC(=O)CCCCC(=O)NO)cc3)C3COC(=O)C23)OCO4)cc(OC)c1O
0,CNC(=O)C(CCCCCCNC(=O)c1cc(-c2cccc(NC(=O)OC(C)(C)C)c2)on1)=NO
0,CNC(=O)C(CCCCCCNC(=O)c1cc(-c2cccc(N)c2)on1)=NO
0,CNC(=O)C(CCCCCCNC(=O)c1cc(-c2ccc(NC(=O)OC(C)(C)C)cc2)on1)=NO
0,CNC(=O)C(CCCCCCNC(=O)c1cc(-c2ccc(N)cc2)on1)=NO
0,CNC(=O)C(CCCCCCC(=O)Nc1ccccc1)=NO
0,CCCCCCCC(=O)SCCC=CCOC(=O)C(NC(=O)c1csc(-c2cscn2)n1)C(C)C
0,CNC(=O)C(CCCCCCC(=O)Nc1cccc(Br)c1)=NO
0,CNC(=O)C(CCCCCCC(=O)Nc1cccc(-c2ccccc2)c1)=NO
0,CNC(=O)C(CCCCCCC(=O)Nc1cccc(-c2ccc(Cl)nc2)c1)=NO
0,CNC(=O)C(CCCCCCC(=O)Nc1cccc(-c2ccc(C(=O)O)cc2)c1)=NO
0,CNC(=O)C(CCCCCC(NCc1ccc(OC)cc1)C(=O)Nc1ccccc1)=NO
0,CNC(=O)C(CCCCCC(C(=O)Nc1ccccc1)N(Cc1ccc(OC)cc1)C(=O)OC(C)(C)C)=NO
0,CN(Cc1ccc(C(=O)Nc2cc(-c3ccccc3)ccc2N)cc1)c1ccncc1
0,CCc1ccccc1NC(=O)CCCCC(=O)NO
0,CCSC(=S)SCC(=O)c1ccc(OC)cc1
0,CNC(=O)C(CCCCCCC(=O)Nc1cccc(-c2cccnc2)c1)=NO
0,Nc1ccc(-c2ccc(F)cc2)cc1NC(=O)C1CCCCO1
0,Nc1ccc(-c2ccc(F)cc2)cc1NC(=O)C1CCCOC1
0,Nc1ccc(-c2ccc(F)cc2)cc1NC(=O)C1CCOCC1
0,O=C(c1ccc(C(=O)C(F)(F)F)s1)N1CCC(c2nnc(-c3ccccc3)o2)CC1
0,O=C(O)CCCCCC1NC(=O)C(Cc2ccccc2)NC(=O)CC(Cc2c[nH]c3ccccc23)NC(=O)C(Cc2cccc3ccccc23)NC1=O
0,O=C(O)CCCCCC1NC(=O)C(Cc2c(F)c(F)c(F)c(F)c2F)NC(=O)CC(Cc2ccc(O)cc2)NC(=O)C(Cc2cccc3ccccc23)NC1=O
0,O=C(Nc1ccc(C(=O)N2CCc3nc(C(=O)NO)sc3C2)cc1)c1ccc(-c2ccccc2)s1
0,O=C(NO)c1ccccc1
0,O=C(NO)c1cccc(C(=O)NCCc2ccccc2)c1
0,O=C(NO)c1ccc2c(c1)CN(Cc1ccc(-c3cccc([N+](=O)[O-])c3)o1)CC2
0,O=C(NO)C1c2ccccc2-c2ccccc21
0,O=C(c1ccc(C(=O)C(F)(F)F)s1)N1CCc2ccccc21
0,O=C(NO)C1C(c2ccccc2)C1c1ccnc(C2CC2)c1
0,O=C(NO)C1C(c2ccccc2)C1c1cccc(-c2ncc(F)cn2)c1
0,O=C(NO)C1C(c2ccccc2)C1c1ccc2nccnc2c1
0,O=C(NO)C1C(c2ccccc2)C1c1ccc2c(c1)CN(CC(F)(F)F)C2=O
0,O=C(NO)C1C(c2ccccc2)C1c1ccc(-c2ncc(F)cn2)cc1
0,O=C(NO)C1C(c2ccccc2)C1c1ccc(-c2cnco2)cc1
0,O=C(NO)C1C(c2ccccc2)C1c1cc(Cl)c2c(c1)OCCO2
0,O=C(NCCCN1CCc2nc(C(=O)NO)sc2C1)c1ccc(-c2ccccc2)s1
0,O=C(NCCCCN1CCc2nc(C(=O)NO)sc2C1)c1ccc(-c2ccccc2)s1
0,O=C(NO)C1C(c2ccccc2)C1c1ccccc1
0,O=C(NCCCCC(O)C(F)(F)F)c1nc(-c2nccs2)sc1C1CC1
0,O=C1CCCC(C(=O)NC(CCCCCS)C(=O)N2CCc3ccccc3C2)N1
0,[N-]=[N+]=NCc1cc(COc2ccc(NC(=O)CCCCCCC(=O)NO)cc2)cc(N=[N+]=[N-])c1
0,O=C(CS)NCCCCCC(=O)Nc1cccc2cccnc12
0,O=C(CCCCc1cc(C(=O)O)no1)Nc1nc(-c2ccccc2)cs1
0,Nc1ccccc1NC(=O)CCCCCC(NC(=O)C1CCCN1C(=O)C(N)Cc1ccccc1)C(=O)Nc1ccccc1N
0,Nc1ccccc1NC(=O)CCCCCC(NC(=O)C1CCCN1C(=O)C(N)Cc1ccccc1)C(=O)NC(Cc1ccccc1)C(=O)O
0,Nc1ccc(-c2ccsc2)cc1NC(=O)c1ccc(CN2CCC3(CCCN3)CC2)cc1
0,Nc1ccc(-c2cccs2)cc1NC(=O)c1cccnc1
0,Nc1ccc(-c2cccs2)cc1NC(=O)c1ccc(N2CCC3(CC2)CNC(=O)O3)nc1
0,Nc1ccc(-c2cccs2)cc1NC(=O)c1ccc(CN2CCC3(CCCN3)CC2)cc1
0,Nc1ccc(-c2cccs2)cc1NC(=O)c1ccc(C(=O)N2CCC3(CCCN3)CC2)cc1
0,Nc1ccc(-c2ccccc2F)cc1NC(=O)c1ccc(CN2CCC3(CCCN3)CC2)cc1
0,Nc1ccccc1NC(=O)CCCCCC(NC(=O)CNC(=O)C(N)Cc1ccccc1)C(=O)NCC(=O)O
0,Nc1ccc(-c2ccccc2)cc1NC(=O)c1cccnc1
0,Nc1ccc(-c2ccccc2)cc1NC(=O)c1ccc(CN2CCC3(CCNC3)CC2)cc1
0,Nc1ccc(-c2ccccc2)cc1NC(=O)c1ccc(CN2CCC3(CCCN3)CC2)cc1
0,Nc1ccc(-c2ccccc2)cc1NC(=O)c1ccc(C(=O)N2CCC3(CCCN3)CC2)cc1
0,Nc1ccc(-c2cccc(F)c2)cc1NC(=O)c1ccc(CN2CCC3(CCCN3)CC2)cc1
0,Nc1ccc(-c2ccc(F)cc2)cc1NC(=O)c1ccc(CN2CCC3(CCNC3)CC2)cc1
0,Nc1ccc(-c2ccc(F)cc2)cc1NC(=O)c1ccc(C(=O)N2CCC3(CCCN3)CC2)cc1
0,Nc1ccc(-c2ccc(F)cc2)cc1NC(=O)C1Cc2ccccc2CO1
0,Nc1ccc(-c2ccc(F)cc2)cc1NC(=O)C1CCc2ccccc2O1
0,Nc1ccc(-c2ccccc2)cc1NC(=O)c1ccc(CNc2ccncc2)cc1
0,O=C(CCCc1ccccc1)NO
0,Nc1ccccc1NC(=O)CCCCCC1NC(=O)C2CCCN2C(=O)C(Cc2ccccc2)NC(=O)C(Cc2ccccc2)NC1=O
0,Nc1ccccc1NC(=O)c1ccc(CNc2nccc(-c3cccnc3)n2)cc1
0,O=C(CCCCc1cc(C(=O)NO)no1)Nc1ccc(-c2ccccc2)cc1
0,O=C(CCCCCNC(=O)NC12CC3CC(CC(C3)C1)C2)NO
0,O=C(CCCCCCS)NCc1cccc(OCc2ccccc2)c1
0,O=C(CCCCCCS)NCc1ccc(C(F)(F)F)cc1
0,O=C(CCCCCCS)N1CCc2ccccc2C1
0,O=C(CCCCCCC(=O)NO)NO
0,O=C(C=Cc1ccccc1)NCCCN1CCc2nc(C(=O)NO)sc2C1
0,O=C(C=Cc1ccccc1)NCCCCN1CCc2nc(C(=O)NO)sc2C1
0,Nc1ccccc1NC(=O)CCCCNC(=O)c1nc(-c2nccs2)sc1C1CC1
0,O=C(C=Cc1cccc(C(=O)NO)c1)Nc1ccccc1
0,O=C(C=Cc1ccc(C=NOCCN2CCOCC2)cc1)NO
0,O=C(C=Cc1ccc(C(F)(F)F)cc1)NO
0,O=C(C=Cc1ccc(-c2ccc3ncnc(Nc4ccc(OCc5cccc(F)c5)c(Cl)c4)c3c2)o1)NO
0,O=C(C=Cc1ccc(-c2ccc(O)cc2)cc1)NO
0,O=C(C=Cc1ccc(-c2ccc(O)c(C34CC5CC(CC(C5)C3)C4)c2)cc1)NO
0,O=C(C=Cc1ccc(-c2cc(CN3CCOCC3)on2)cc1)NO
0,O=C(C=CC=CCCCCc1ccc2c(c1)OCO2)NO
0,Nc1ccccc1NC(=O)c1cccnc1
0,O=C(C=Cc1ccc(C=NOCc2c(F)c(F)c(F)c(F)c2F)cc1)NO
0,CC(C)C(NC(=O)c1csc(-c2cscn2)n1)C(=O)NCCCC(=O)NO
0,CC(C)(O)Cc1sc(-c2nccs2)nc1C(=O)NCCCCC(=O)NO
0,CC(C)(C)OC(=O)Nc1ccc(-c2cc(C(=O)NCC(=O)Nc3ccc(-c4cc(C(=O)NO)no4)cc3)no2)cc1
0,CC(=O)NCCCCC1NC(=O)CC(Cc2ccc(O)cc2)NC(=O)C(Cc2cccc3ccccc23)NC(=O)C(CCCCCC(=O)O)NC1=O
0,C=CCCC(=O)Nc1ccc(C(C)N2CCc3nc(C(=O)NO)sc3C2)cn1
0,C=CCCC(=O)Nc1ccc(C(=O)N2CCc3nc(C(=O)NO)sc3C2)cc1
0,C=CC(O)C1OC1C=CC1OC1C(C)O
0,CC(C)C(NC(=O)c1csc(-c2cscn2)n1)C(=O)NCCC(=O)NO
